"ID_CLIENT","Churn_Proba","Churn_Class","Commentaire"
"CLIENT_1",0.4474,"0","Client peu susceptible de churner"
"CLIENT_2",0.0927,"0","Client peu susceptible de churner"
"CLIENT_3",0.5592,"1","Client susceptible de churner"
"CLIENT_4",0.0783,"0","Client peu susceptible de churner"
"CLIENT_5",0.0721,"0","Client peu susceptible de churner"
"CLIENT_6",0.9229,"1","Client susceptible de churner"
"CLIENT_7",0.1247,"0","Client peu susceptible de churner"
"CLIENT_8",0.0732,"0","Client peu susceptible de churner"
"CLIENT_9",0.6559,"1","Client susceptible de churner"
"CLIENT_10",0.5653,"1","Client susceptible de churner"
"CLIENT_11",0.3861,"0","Client peu susceptible de churner"
"CLIENT_12",0.1757,"0","Client peu susceptible de churner"
"CLIENT_13",0.5945,"1","Client susceptible de churner"
"CLIENT_14",0.5316,"1","Client susceptible de churner"
"CLIENT_15",0.924,"1","Client susceptible de churner"
"CLIENT_16",0.1717,"0","Client peu susceptible de churner"
"CLIENT_17",0.4573,"0","Client peu susceptible de churner"
"CLIENT_18",0.042,"0","Client peu susceptible de churner"
"CLIENT_19",0.0199,"0","Client peu susceptible de churner"
"CLIENT_20",0.7494,"1","Client susceptible de churner"
"CLIENT_21",0.2851,"0","Client peu susceptible de churner"
"CLIENT_22",0.2107,"0","Client peu susceptible de churner"
"CLIENT_23",0.0408,"0","Client peu susceptible de churner"
"CLIENT_24",0.3337,"0","Client peu susceptible de churner"
"CLIENT_25",0.6124,"1","Client susceptible de churner"
"CLIENT_26",0.0379,"0","Client peu susceptible de churner"
"CLIENT_27",0.6129,"1","Client susceptible de churner"
"CLIENT_28",0.5645,"1","Client susceptible de churner"
"CLIENT_29",0.8273,"1","Client susceptible de churner"
"CLIENT_30",0.6466,"1","Client susceptible de churner"
"CLIENT_31",0.8352,"1","Client susceptible de churner"
"CLIENT_32",0.0677,"0","Client peu susceptible de churner"
"CLIENT_33",0.801,"1","Client susceptible de churner"
"CLIENT_34",0.028,"0","Client peu susceptible de churner"
"CLIENT_35",0.5975,"1","Client susceptible de churner"
"CLIENT_36",0.0352,"0","Client peu susceptible de churner"
"CLIENT_37",0.0249,"0","Client peu susceptible de churner"
"CLIENT_38",0.0678,"0","Client peu susceptible de churner"
"CLIENT_39",0.1244,"0","Client peu susceptible de churner"
"CLIENT_40",0.6808,"1","Client susceptible de churner"
"CLIENT_41",0.8532,"1","Client susceptible de churner"
"CLIENT_42",0.0621,"0","Client peu susceptible de churner"
"CLIENT_43",0.0576,"0","Client peu susceptible de churner"
"CLIENT_44",0.3212,"0","Client peu susceptible de churner"
"CLIENT_45",0.5055,"0","Client peu susceptible de churner"
"CLIENT_46",0.4688,"0","Client peu susceptible de churner"
"CLIENT_47",0.1496,"0","Client peu susceptible de churner"
"CLIENT_48",0.1272,"0","Client peu susceptible de churner"
"CLIENT_49",0.0851,"0","Client peu susceptible de churner"
"CLIENT_50",0.5617,"1","Client susceptible de churner"
"CLIENT_51",0.7016,"1","Client susceptible de churner"
"CLIENT_52",0.0608,"0","Client peu susceptible de churner"
"CLIENT_53",0.6087,"1","Client susceptible de churner"
"CLIENT_54",0.765,"1","Client susceptible de churner"
"CLIENT_55",0.0264,"0","Client peu susceptible de churner"
"CLIENT_56",0.0914,"0","Client peu susceptible de churner"
"CLIENT_57",0.534,"1","Client susceptible de churner"
"CLIENT_58",0.0411,"0","Client peu susceptible de churner"
"CLIENT_59",0.0982,"0","Client peu susceptible de churner"
"CLIENT_60",0.4759,"0","Client peu susceptible de churner"
"CLIENT_61",0.0711,"0","Client peu susceptible de churner"
"CLIENT_62",0.2988,"0","Client peu susceptible de churner"
"CLIENT_63",0.3244,"0","Client peu susceptible de churner"
"CLIENT_64",0.4789,"0","Client peu susceptible de churner"
"CLIENT_65",0.1744,"0","Client peu susceptible de churner"
"CLIENT_66",0.6823,"1","Client susceptible de churner"
"CLIENT_67",0.043,"0","Client peu susceptible de churner"
"CLIENT_68",0.6223,"1","Client susceptible de churner"
"CLIENT_69",0.7824,"1","Client susceptible de churner"
"CLIENT_70",0.5432,"1","Client susceptible de churner"
"CLIENT_71",0.1786,"0","Client peu susceptible de churner"
"CLIENT_72",0.8089,"1","Client susceptible de churner"
"CLIENT_73",0.1588,"0","Client peu susceptible de churner"
"CLIENT_74",0.019,"0","Client peu susceptible de churner"
"CLIENT_75",0.6684,"1","Client susceptible de churner"
"CLIENT_76",0.0417,"0","Client peu susceptible de churner"
"CLIENT_77",0.0879,"0","Client peu susceptible de churner"
"CLIENT_78",0.1615,"0","Client peu susceptible de churner"
"CLIENT_79",0.8009,"1","Client susceptible de churner"
"CLIENT_80",0.426,"0","Client peu susceptible de churner"
"CLIENT_81",0.7213,"1","Client susceptible de churner"
"CLIENT_82",0.5241,"0","Client peu susceptible de churner"
"CLIENT_83",0.6252,"1","Client susceptible de churner"
"CLIENT_84",0.3091,"0","Client peu susceptible de churner"
"CLIENT_85",0.3582,"0","Client peu susceptible de churner"
"CLIENT_86",0.0378,"0","Client peu susceptible de churner"
"CLIENT_87",0.6788,"1","Client susceptible de churner"
"CLIENT_88",0.9211,"1","Client susceptible de churner"
"CLIENT_89",0.9123,"1","Client susceptible de churner"
"CLIENT_90",0.0287,"0","Client peu susceptible de churner"
"CLIENT_91",0.4901,"0","Client peu susceptible de churner"
"CLIENT_92",0.7623,"1","Client susceptible de churner"
"CLIENT_93",0.7564,"1","Client susceptible de churner"
"CLIENT_94",0.5251,"0","Client peu susceptible de churner"
"CLIENT_95",0.6895,"1","Client susceptible de churner"
"CLIENT_96",0.8247,"1","Client susceptible de churner"
"CLIENT_97",0.2292,"0","Client peu susceptible de churner"
"CLIENT_98",0.722,"1","Client susceptible de churner"
"CLIENT_99",0.7419,"1","Client susceptible de churner"
"CLIENT_100",0.1997,"0","Client peu susceptible de churner"
"CLIENT_101",0.824,"1","Client susceptible de churner"
"CLIENT_102",0.0657,"0","Client peu susceptible de churner"
"CLIENT_103",0.2881,"0","Client peu susceptible de churner"
"CLIENT_104",0.5345,"1","Client susceptible de churner"
"CLIENT_105",0.0826,"0","Client peu susceptible de churner"
"CLIENT_106",0.7655,"1","Client susceptible de churner"
"CLIENT_107",0.2172,"0","Client peu susceptible de churner"
"CLIENT_108",0.04,"0","Client peu susceptible de churner"
"CLIENT_109",0.1881,"0","Client peu susceptible de churner"
"CLIENT_110",0.0579,"0","Client peu susceptible de churner"
"CLIENT_111",0.801,"1","Client susceptible de churner"
"CLIENT_112",0.4545,"0","Client peu susceptible de churner"
"CLIENT_113",0.0708,"0","Client peu susceptible de churner"
"CLIENT_114",0.2128,"0","Client peu susceptible de churner"
"CLIENT_115",0.4415,"0","Client peu susceptible de churner"
"CLIENT_116",0.3135,"0","Client peu susceptible de churner"
"CLIENT_117",0.0258,"0","Client peu susceptible de churner"
"CLIENT_118",0.6727,"1","Client susceptible de churner"
"CLIENT_119",0.1326,"0","Client peu susceptible de churner"
"CLIENT_120",0.8675,"1","Client susceptible de churner"
"CLIENT_121",0.1075,"0","Client peu susceptible de churner"
"CLIENT_122",0.0669,"0","Client peu susceptible de churner"
"CLIENT_123",0.0767,"0","Client peu susceptible de churner"
"CLIENT_124",0.0841,"0","Client peu susceptible de churner"
"CLIENT_125",0.5789,"1","Client susceptible de churner"
"CLIENT_126",0.4713,"0","Client peu susceptible de churner"
"CLIENT_127",0.18,"0","Client peu susceptible de churner"
"CLIENT_128",0.7227,"1","Client susceptible de churner"
"CLIENT_129",0.6732,"1","Client susceptible de churner"
"CLIENT_130",0.6821,"1","Client susceptible de churner"
"CLIENT_131",0.1948,"0","Client peu susceptible de churner"
"CLIENT_132",0.1108,"0","Client peu susceptible de churner"
"CLIENT_133",0.1527,"0","Client peu susceptible de churner"
"CLIENT_134",0.4899,"0","Client peu susceptible de churner"
"CLIENT_135",0.9382,"1","Client susceptible de churner"
"CLIENT_136",0.0542,"0","Client peu susceptible de churner"
"CLIENT_137",0.3244,"0","Client peu susceptible de churner"
"CLIENT_138",0.7472,"1","Client susceptible de churner"
"CLIENT_139",0.221,"0","Client peu susceptible de churner"
"CLIENT_140",0.0308,"0","Client peu susceptible de churner"
"CLIENT_141",0.0992,"0","Client peu susceptible de churner"
"CLIENT_142",0.8196,"1","Client susceptible de churner"
"CLIENT_143",0.0382,"0","Client peu susceptible de churner"
"CLIENT_144",0.02,"0","Client peu susceptible de churner"
"CLIENT_145",0.8941,"1","Client susceptible de churner"
"CLIENT_146",0.5751,"1","Client susceptible de churner"
"CLIENT_147",0.2866,"0","Client peu susceptible de churner"
"CLIENT_148",0.775,"1","Client susceptible de churner"
"CLIENT_149",0.0718,"0","Client peu susceptible de churner"
"CLIENT_150",0.0579,"0","Client peu susceptible de churner"
"CLIENT_151",0.2588,"0","Client peu susceptible de churner"
"CLIENT_152",0.5094,"0","Client peu susceptible de churner"
"CLIENT_153",0.3077,"0","Client peu susceptible de churner"
"CLIENT_154",0.5944,"1","Client susceptible de churner"
"CLIENT_155",0.0588,"0","Client peu susceptible de churner"
"CLIENT_156",0.0791,"0","Client peu susceptible de churner"
"CLIENT_157",0.5929,"1","Client susceptible de churner"
"CLIENT_158",0.344,"0","Client peu susceptible de churner"
"CLIENT_159",0.8568,"1","Client susceptible de churner"
"CLIENT_160",0.6704,"1","Client susceptible de churner"
"CLIENT_161",0.1608,"0","Client peu susceptible de churner"
"CLIENT_162",0.0954,"0","Client peu susceptible de churner"
"CLIENT_163",0.052,"0","Client peu susceptible de churner"
"CLIENT_164",0.7631,"1","Client susceptible de churner"
"CLIENT_165",0.7403,"1","Client susceptible de churner"
"CLIENT_166",0.6212,"1","Client susceptible de churner"
"CLIENT_167",0.2036,"0","Client peu susceptible de churner"
"CLIENT_168",0.6134,"1","Client susceptible de churner"
"CLIENT_169",0.1031,"0","Client peu susceptible de churner"
"CLIENT_170",0.2542,"0","Client peu susceptible de churner"
"CLIENT_171",0.056,"0","Client peu susceptible de churner"
"CLIENT_172",0.0819,"0","Client peu susceptible de churner"
"CLIENT_173",0.4752,"0","Client peu susceptible de churner"
"CLIENT_174",0.8723,"1","Client susceptible de churner"
"CLIENT_175",0.8295,"1","Client susceptible de churner"
"CLIENT_176",0.1375,"0","Client peu susceptible de churner"
"CLIENT_177",0.7609,"1","Client susceptible de churner"
"CLIENT_178",0.6619,"1","Client susceptible de churner"
"CLIENT_179",0.4793,"0","Client peu susceptible de churner"
"CLIENT_180",0.5202,"0","Client peu susceptible de churner"
"CLIENT_181",0.0592,"0","Client peu susceptible de churner"
"CLIENT_182",0.9346,"1","Client susceptible de churner"
"CLIENT_183",0.8764,"1","Client susceptible de churner"
"CLIENT_184",0.6105,"1","Client susceptible de churner"
"CLIENT_185",0.7158,"1","Client susceptible de churner"
"CLIENT_186",0.2899,"0","Client peu susceptible de churner"
"CLIENT_187",0.1501,"0","Client peu susceptible de churner"
"CLIENT_188",0.5866,"1","Client susceptible de churner"
"CLIENT_189",0.0351,"0","Client peu susceptible de churner"
"CLIENT_190",0.079,"0","Client peu susceptible de churner"
"CLIENT_191",0.8526,"1","Client susceptible de churner"
"CLIENT_192",0.3735,"0","Client peu susceptible de churner"
"CLIENT_193",0.1216,"0","Client peu susceptible de churner"
"CLIENT_194",0.7752,"1","Client susceptible de churner"
"CLIENT_195",0.3543,"0","Client peu susceptible de churner"
"CLIENT_196",0.8389,"1","Client susceptible de churner"
"CLIENT_197",0.695,"1","Client susceptible de churner"
"CLIENT_198",0.8895,"1","Client susceptible de churner"
"CLIENT_199",0.1079,"0","Client peu susceptible de churner"
"CLIENT_200",0.6412,"1","Client susceptible de churner"
"CLIENT_201",0.0762,"0","Client peu susceptible de churner"
"CLIENT_202",0.8768,"1","Client susceptible de churner"
"CLIENT_203",0.8519,"1","Client susceptible de churner"
"CLIENT_204",0.4275,"0","Client peu susceptible de churner"
"CLIENT_205",0.0463,"0","Client peu susceptible de churner"
"CLIENT_206",0.0492,"0","Client peu susceptible de churner"
"CLIENT_207",0.5747,"1","Client susceptible de churner"
"CLIENT_208",0.7518,"1","Client susceptible de churner"
"CLIENT_209",0.3666,"0","Client peu susceptible de churner"
"CLIENT_210",0.0402,"0","Client peu susceptible de churner"
"CLIENT_211",0.4033,"0","Client peu susceptible de churner"
"CLIENT_212",0.6371,"1","Client susceptible de churner"
"CLIENT_213",0.4589,"0","Client peu susceptible de churner"
"CLIENT_214",0.6732,"1","Client susceptible de churner"
"CLIENT_215",0.2477,"0","Client peu susceptible de churner"
"CLIENT_216",0.0425,"0","Client peu susceptible de churner"
"CLIENT_217",0.2713,"0","Client peu susceptible de churner"
"CLIENT_218",0.0588,"0","Client peu susceptible de churner"
"CLIENT_219",0.0863,"0","Client peu susceptible de churner"
"CLIENT_220",0.5125,"0","Client peu susceptible de churner"
"CLIENT_221",0.0692,"0","Client peu susceptible de churner"
"CLIENT_222",0.0863,"0","Client peu susceptible de churner"
"CLIENT_223",0.8845,"1","Client susceptible de churner"
"CLIENT_224",0.3718,"0","Client peu susceptible de churner"
"CLIENT_225",0.5297,"0","Client peu susceptible de churner"
"CLIENT_226",0.0811,"0","Client peu susceptible de churner"
"CLIENT_227",0.7858,"1","Client susceptible de churner"
"CLIENT_228",0.5862,"1","Client susceptible de churner"
"CLIENT_229",0.4854,"0","Client peu susceptible de churner"
"CLIENT_230",0.613,"1","Client susceptible de churner"
"CLIENT_231",0.3417,"0","Client peu susceptible de churner"
"CLIENT_232",0.2228,"0","Client peu susceptible de churner"
"CLIENT_233",0.7865,"1","Client susceptible de churner"
"CLIENT_234",0.4462,"0","Client peu susceptible de churner"
"CLIENT_235",0.6585,"1","Client susceptible de churner"
"CLIENT_236",0.6191,"1","Client susceptible de churner"
"CLIENT_237",0.0384,"0","Client peu susceptible de churner"
"CLIENT_238",0.279,"0","Client peu susceptible de churner"
"CLIENT_239",0.2117,"0","Client peu susceptible de churner"
"CLIENT_240",0.1489,"0","Client peu susceptible de churner"
"CLIENT_241",0.1276,"0","Client peu susceptible de churner"
"CLIENT_242",0.0227,"0","Client peu susceptible de churner"
"CLIENT_243",0.1889,"0","Client peu susceptible de churner"
"CLIENT_244",0.8821,"1","Client susceptible de churner"
"CLIENT_245",0.0499,"0","Client peu susceptible de churner"
"CLIENT_246",0.3107,"0","Client peu susceptible de churner"
"CLIENT_247",0.3685,"0","Client peu susceptible de churner"
"CLIENT_248",0.0317,"0","Client peu susceptible de churner"
"CLIENT_249",0.041,"0","Client peu susceptible de churner"
"CLIENT_250",0.3571,"0","Client peu susceptible de churner"
"CLIENT_251",0.3129,"0","Client peu susceptible de churner"
"CLIENT_252",0.1538,"0","Client peu susceptible de churner"
"CLIENT_253",0.6993,"1","Client susceptible de churner"
"CLIENT_254",0.4133,"0","Client peu susceptible de churner"
"CLIENT_255",0.0219,"0","Client peu susceptible de churner"
"CLIENT_256",0.3536,"0","Client peu susceptible de churner"
"CLIENT_257",0.3608,"0","Client peu susceptible de churner"
"CLIENT_258",0.7181,"1","Client susceptible de churner"
"CLIENT_259",0.4574,"0","Client peu susceptible de churner"
"CLIENT_260",0.7162,"1","Client susceptible de churner"
"CLIENT_261",0.0383,"0","Client peu susceptible de churner"
"CLIENT_262",0.1701,"0","Client peu susceptible de churner"
"CLIENT_263",0.0612,"0","Client peu susceptible de churner"
"CLIENT_264",0.6817,"1","Client susceptible de churner"
"CLIENT_265",0.7038,"1","Client susceptible de churner"
"CLIENT_266",0.8948,"1","Client susceptible de churner"
"CLIENT_267",0.1242,"0","Client peu susceptible de churner"
"CLIENT_268",0.1211,"0","Client peu susceptible de churner"
"CLIENT_269",0.2224,"0","Client peu susceptible de churner"
"CLIENT_270",0.0434,"0","Client peu susceptible de churner"
"CLIENT_271",0.7345,"1","Client susceptible de churner"
"CLIENT_272",0.5994,"1","Client susceptible de churner"
"CLIENT_273",0.6243,"1","Client susceptible de churner"
"CLIENT_274",0.6138,"1","Client susceptible de churner"
"CLIENT_275",0.5026,"0","Client peu susceptible de churner"
"CLIENT_276",0.8167,"1","Client susceptible de churner"
"CLIENT_277",0.3668,"0","Client peu susceptible de churner"
"CLIENT_278",0.0554,"0","Client peu susceptible de churner"
"CLIENT_279",0.0231,"0","Client peu susceptible de churner"
"CLIENT_280",0.6138,"1","Client susceptible de churner"
"CLIENT_281",0.1321,"0","Client peu susceptible de churner"
"CLIENT_282",0.741,"1","Client susceptible de churner"
"CLIENT_283",0.5272,"0","Client peu susceptible de churner"
"CLIENT_284",0.6797,"1","Client susceptible de churner"
"CLIENT_285",0.0414,"0","Client peu susceptible de churner"
"CLIENT_286",0.1306,"0","Client peu susceptible de churner"
"CLIENT_287",0.059,"0","Client peu susceptible de churner"
"CLIENT_288",0.1321,"0","Client peu susceptible de churner"
"CLIENT_289",0.2428,"0","Client peu susceptible de churner"
"CLIENT_290",0.5147,"0","Client peu susceptible de churner"
"CLIENT_291",0.0714,"0","Client peu susceptible de churner"
"CLIENT_292",0.1708,"0","Client peu susceptible de churner"
"CLIENT_293",0.1927,"0","Client peu susceptible de churner"
"CLIENT_294",0.343,"0","Client peu susceptible de churner"
"CLIENT_295",0.7308,"1","Client susceptible de churner"
"CLIENT_296",0.0412,"0","Client peu susceptible de churner"
"CLIENT_297",0.3926,"0","Client peu susceptible de churner"
"CLIENT_298",0.2713,"0","Client peu susceptible de churner"
"CLIENT_299",0.6779,"1","Client susceptible de churner"
"CLIENT_300",0.6404,"1","Client susceptible de churner"
"CLIENT_301",0.1699,"0","Client peu susceptible de churner"
"CLIENT_302",0.1016,"0","Client peu susceptible de churner"
"CLIENT_303",0.3051,"0","Client peu susceptible de churner"
"CLIENT_304",0.8538,"1","Client susceptible de churner"
"CLIENT_305",0.3694,"0","Client peu susceptible de churner"
"CLIENT_306",0.144,"0","Client peu susceptible de churner"
"CLIENT_307",0.4792,"0","Client peu susceptible de churner"
"CLIENT_308",0.6016,"1","Client susceptible de churner"
"CLIENT_309",0.7281,"1","Client susceptible de churner"
"CLIENT_310",0.7224,"1","Client susceptible de churner"
"CLIENT_311",0.66,"1","Client susceptible de churner"
"CLIENT_312",0.0702,"0","Client peu susceptible de churner"
"CLIENT_313",0.0511,"0","Client peu susceptible de churner"
"CLIENT_314",0.6684,"1","Client susceptible de churner"
"CLIENT_315",0.1185,"0","Client peu susceptible de churner"
"CLIENT_316",0.1691,"0","Client peu susceptible de churner"
"CLIENT_317",0.1764,"0","Client peu susceptible de churner"
"CLIENT_318",0.2019,"0","Client peu susceptible de churner"
"CLIENT_319",0.057,"0","Client peu susceptible de churner"
"CLIENT_320",0.756,"1","Client susceptible de churner"
"CLIENT_321",0.6515,"1","Client susceptible de churner"
"CLIENT_322",0.4845,"0","Client peu susceptible de churner"
"CLIENT_323",0.0336,"0","Client peu susceptible de churner"
"CLIENT_324",0.1487,"0","Client peu susceptible de churner"
"CLIENT_325",0.0443,"0","Client peu susceptible de churner"
"CLIENT_326",0.0997,"0","Client peu susceptible de churner"
"CLIENT_327",0.0412,"0","Client peu susceptible de churner"
"CLIENT_328",0.6502,"1","Client susceptible de churner"
"CLIENT_329",0.035,"0","Client peu susceptible de churner"
"CLIENT_330",0.5615,"1","Client susceptible de churner"
"CLIENT_331",0.5336,"1","Client susceptible de churner"
"CLIENT_332",0.5075,"0","Client peu susceptible de churner"
"CLIENT_333",0.049,"0","Client peu susceptible de churner"
"CLIENT_334",0.7559,"1","Client susceptible de churner"
"CLIENT_335",0.4669,"0","Client peu susceptible de churner"
"CLIENT_336",0.581,"1","Client susceptible de churner"
"CLIENT_337",0.1482,"0","Client peu susceptible de churner"
"CLIENT_338",0.0276,"0","Client peu susceptible de churner"
"CLIENT_339",0.7272,"1","Client susceptible de churner"
"CLIENT_340",0.0355,"0","Client peu susceptible de churner"
"CLIENT_341",0.2895,"0","Client peu susceptible de churner"
"CLIENT_342",0.6708,"1","Client susceptible de churner"
"CLIENT_343",0.72,"1","Client susceptible de churner"
"CLIENT_344",0.3006,"0","Client peu susceptible de churner"
"CLIENT_345",0.081,"0","Client peu susceptible de churner"
"CLIENT_346",0.063,"0","Client peu susceptible de churner"
"CLIENT_347",0.7787,"1","Client susceptible de churner"
"CLIENT_348",0.6267,"1","Client susceptible de churner"
"CLIENT_349",0.7272,"1","Client susceptible de churner"
"CLIENT_350",0.7255,"1","Client susceptible de churner"
"CLIENT_351",0.0375,"0","Client peu susceptible de churner"
"CLIENT_352",0.1425,"0","Client peu susceptible de churner"
"CLIENT_353",0.1264,"0","Client peu susceptible de churner"
"CLIENT_354",0.6665,"1","Client susceptible de churner"
"CLIENT_355",0.578,"1","Client susceptible de churner"
"CLIENT_356",0.1128,"0","Client peu susceptible de churner"
"CLIENT_357",0.1208,"0","Client peu susceptible de churner"
"CLIENT_358",0.8056,"1","Client susceptible de churner"
"CLIENT_359",0.0333,"0","Client peu susceptible de churner"
"CLIENT_360",0.7755,"1","Client susceptible de churner"
"CLIENT_361",0.6105,"1","Client susceptible de churner"
"CLIENT_362",0.5994,"1","Client susceptible de churner"
"CLIENT_363",0.4337,"0","Client peu susceptible de churner"
"CLIENT_364",0.7166,"1","Client susceptible de churner"
"CLIENT_365",0.8369,"1","Client susceptible de churner"
"CLIENT_366",0.4568,"0","Client peu susceptible de churner"
"CLIENT_367",0.5166,"0","Client peu susceptible de churner"
"CLIENT_368",0.5149,"0","Client peu susceptible de churner"
"CLIENT_369",0.9166,"1","Client susceptible de churner"
"CLIENT_370",0.7899,"1","Client susceptible de churner"
"CLIENT_371",0.046,"0","Client peu susceptible de churner"
"CLIENT_372",0.141,"0","Client peu susceptible de churner"
"CLIENT_373",0.2125,"0","Client peu susceptible de churner"
"CLIENT_374",0.2561,"0","Client peu susceptible de churner"
"CLIENT_375",0.7897,"1","Client susceptible de churner"
"CLIENT_376",0.0449,"0","Client peu susceptible de churner"
"CLIENT_377",0.2855,"0","Client peu susceptible de churner"
"CLIENT_378",0.0849,"0","Client peu susceptible de churner"
"CLIENT_379",0.8405,"1","Client susceptible de churner"
"CLIENT_380",0.527,"0","Client peu susceptible de churner"
"CLIENT_381",0.358,"0","Client peu susceptible de churner"
"CLIENT_382",0.6698,"1","Client susceptible de churner"
"CLIENT_383",0.149,"0","Client peu susceptible de churner"
"CLIENT_384",0.8682,"1","Client susceptible de churner"
"CLIENT_385",0.6689,"1","Client susceptible de churner"
"CLIENT_386",0.8298,"1","Client susceptible de churner"
"CLIENT_387",0.1072,"0","Client peu susceptible de churner"
"CLIENT_388",0.6869,"1","Client susceptible de churner"
"CLIENT_389",0.0674,"0","Client peu susceptible de churner"
"CLIENT_390",0.7979,"1","Client susceptible de churner"
"CLIENT_391",0.1054,"0","Client peu susceptible de churner"
"CLIENT_392",0.0366,"0","Client peu susceptible de churner"
"CLIENT_393",0.0634,"0","Client peu susceptible de churner"
"CLIENT_394",0.1477,"0","Client peu susceptible de churner"
"CLIENT_395",0.0521,"0","Client peu susceptible de churner"
"CLIENT_396",0.22,"0","Client peu susceptible de churner"
"CLIENT_397",0.7497,"1","Client susceptible de churner"
"CLIENT_398",0.1881,"0","Client peu susceptible de churner"
"CLIENT_399",0.0996,"0","Client peu susceptible de churner"
"CLIENT_400",0.711,"1","Client susceptible de churner"
"CLIENT_401",0.3857,"0","Client peu susceptible de churner"
"CLIENT_402",0.3635,"0","Client peu susceptible de churner"
"CLIENT_403",0.5818,"1","Client susceptible de churner"
"CLIENT_404",0.064,"0","Client peu susceptible de churner"
"CLIENT_405",0.0338,"0","Client peu susceptible de churner"
"CLIENT_406",0.6496,"1","Client susceptible de churner"
"CLIENT_407",0.7347,"1","Client susceptible de churner"
"CLIENT_408",0.4594,"0","Client peu susceptible de churner"
"CLIENT_409",0.0567,"0","Client peu susceptible de churner"
"CLIENT_410",0.5547,"1","Client susceptible de churner"
"CLIENT_411",0.0366,"0","Client peu susceptible de churner"
"CLIENT_412",0.5453,"1","Client susceptible de churner"
"CLIENT_413",0.4123,"0","Client peu susceptible de churner"
"CLIENT_414",0.5597,"1","Client susceptible de churner"
"CLIENT_415",0.0314,"0","Client peu susceptible de churner"
"CLIENT_416",0.689,"1","Client susceptible de churner"
"CLIENT_417",0.0258,"0","Client peu susceptible de churner"
"CLIENT_418",0.0599,"0","Client peu susceptible de churner"
"CLIENT_419",0.5161,"0","Client peu susceptible de churner"
"CLIENT_420",0.5145,"0","Client peu susceptible de churner"
"CLIENT_421",0.1665,"0","Client peu susceptible de churner"
"CLIENT_422",0.6173,"1","Client susceptible de churner"
"CLIENT_423",0.801,"1","Client susceptible de churner"
"CLIENT_424",0.1068,"0","Client peu susceptible de churner"
"CLIENT_425",0.5624,"1","Client susceptible de churner"
"CLIENT_426",0.6081,"1","Client susceptible de churner"
"CLIENT_427",0.8967,"1","Client susceptible de churner"
"CLIENT_428",0.0212,"0","Client peu susceptible de churner"
"CLIENT_429",0.0494,"0","Client peu susceptible de churner"
"CLIENT_430",0.5957,"1","Client susceptible de churner"
"CLIENT_431",0.5751,"1","Client susceptible de churner"
"CLIENT_432",0.3041,"0","Client peu susceptible de churner"
"CLIENT_433",0.5679,"1","Client susceptible de churner"
"CLIENT_434",0.7122,"1","Client susceptible de churner"
"CLIENT_435",0.2929,"0","Client peu susceptible de churner"
"CLIENT_436",0.9232,"1","Client susceptible de churner"
"CLIENT_437",0.7539,"1","Client susceptible de churner"
"CLIENT_438",0.1181,"0","Client peu susceptible de churner"
"CLIENT_439",0.6308,"1","Client susceptible de churner"
"CLIENT_440",0.0902,"0","Client peu susceptible de churner"
"CLIENT_441",0.0681,"0","Client peu susceptible de churner"
"CLIENT_442",0.0454,"0","Client peu susceptible de churner"
"CLIENT_443",0.0416,"0","Client peu susceptible de churner"
"CLIENT_444",0.3761,"0","Client peu susceptible de churner"
"CLIENT_445",0.8562,"1","Client susceptible de churner"
"CLIENT_446",0.1231,"0","Client peu susceptible de churner"
"CLIENT_447",0.1299,"0","Client peu susceptible de churner"
"CLIENT_448",0.1749,"0","Client peu susceptible de churner"
"CLIENT_449",0.6776,"1","Client susceptible de churner"
"CLIENT_450",0.8985,"1","Client susceptible de churner"
"CLIENT_451",0.5088,"0","Client peu susceptible de churner"
"CLIENT_452",0.3413,"0","Client peu susceptible de churner"
"CLIENT_453",0.771,"1","Client susceptible de churner"
"CLIENT_454",0.6199,"1","Client susceptible de churner"
"CLIENT_455",0.359,"0","Client peu susceptible de churner"
"CLIENT_456",0.5221,"0","Client peu susceptible de churner"
"CLIENT_457",0.5956,"1","Client susceptible de churner"
"CLIENT_458",0.5885,"1","Client susceptible de churner"
"CLIENT_459",0.5526,"1","Client susceptible de churner"
"CLIENT_460",0.5002,"0","Client peu susceptible de churner"
"CLIENT_461",0.0502,"0","Client peu susceptible de churner"
"CLIENT_462",0.023,"0","Client peu susceptible de churner"
"CLIENT_463",0.8338,"1","Client susceptible de churner"
"CLIENT_464",0.6242,"1","Client susceptible de churner"
"CLIENT_465",0.8274,"1","Client susceptible de churner"
"CLIENT_466",0.8677,"1","Client susceptible de churner"
"CLIENT_467",0.6844,"1","Client susceptible de churner"
"CLIENT_468",0.0557,"0","Client peu susceptible de churner"
"CLIENT_469",0.654,"1","Client susceptible de churner"
"CLIENT_470",0.1829,"0","Client peu susceptible de churner"
"CLIENT_471",0.6907,"1","Client susceptible de churner"
"CLIENT_472",0.3246,"0","Client peu susceptible de churner"
"CLIENT_473",0.738,"1","Client susceptible de churner"
"CLIENT_474",0.5197,"0","Client peu susceptible de churner"
"CLIENT_475",0.7564,"1","Client susceptible de churner"
"CLIENT_476",0.2255,"0","Client peu susceptible de churner"
"CLIENT_477",0.7936,"1","Client susceptible de churner"
"CLIENT_478",0.183,"0","Client peu susceptible de churner"
"CLIENT_479",0.6876,"1","Client susceptible de churner"
"CLIENT_480",0.7677,"1","Client susceptible de churner"
"CLIENT_481",0.0272,"0","Client peu susceptible de churner"
"CLIENT_482",0.3385,"0","Client peu susceptible de churner"
"CLIENT_483",0.0346,"0","Client peu susceptible de churner"
"CLIENT_484",0.175,"0","Client peu susceptible de churner"
"CLIENT_485",0.3294,"0","Client peu susceptible de churner"
"CLIENT_486",0.2981,"0","Client peu susceptible de churner"
"CLIENT_487",0.2526,"0","Client peu susceptible de churner"
"CLIENT_488",0.1611,"0","Client peu susceptible de churner"
"CLIENT_489",0.0977,"0","Client peu susceptible de churner"
"CLIENT_490",0.2777,"0","Client peu susceptible de churner"
"CLIENT_491",0.8627,"1","Client susceptible de churner"
"CLIENT_492",0.5436,"1","Client susceptible de churner"
"CLIENT_493",0.1037,"0","Client peu susceptible de churner"
"CLIENT_494",0.1169,"0","Client peu susceptible de churner"
"CLIENT_495",0.5678,"1","Client susceptible de churner"
"CLIENT_496",0.2296,"0","Client peu susceptible de churner"
"CLIENT_497",0.7698,"1","Client susceptible de churner"
"CLIENT_498",0.0334,"0","Client peu susceptible de churner"
"CLIENT_499",0.6816,"1","Client susceptible de churner"
"CLIENT_500",0.4032,"0","Client peu susceptible de churner"
"CLIENT_501",0.0301,"0","Client peu susceptible de churner"
"CLIENT_502",0.9218,"1","Client susceptible de churner"
"CLIENT_503",0.6014,"1","Client susceptible de churner"
"CLIENT_504",0.5262,"0","Client peu susceptible de churner"
"CLIENT_505",0.1746,"0","Client peu susceptible de churner"
"CLIENT_506",0.4955,"0","Client peu susceptible de churner"
"CLIENT_507",0.0586,"0","Client peu susceptible de churner"
"CLIENT_508",0.5175,"0","Client peu susceptible de churner"
"CLIENT_509",0.4824,"0","Client peu susceptible de churner"
"CLIENT_510",0.1736,"0","Client peu susceptible de churner"
"CLIENT_511",0.0516,"0","Client peu susceptible de churner"
"CLIENT_512",0.65,"1","Client susceptible de churner"
"CLIENT_513",0.0971,"0","Client peu susceptible de churner"
"CLIENT_514",0.1491,"0","Client peu susceptible de churner"
"CLIENT_515",0.0588,"0","Client peu susceptible de churner"
"CLIENT_516",0.8568,"1","Client susceptible de churner"
"CLIENT_517",0.1737,"0","Client peu susceptible de churner"
"CLIENT_518",0.0932,"0","Client peu susceptible de churner"
"CLIENT_519",0.5707,"1","Client susceptible de churner"
"CLIENT_520",0.5917,"1","Client susceptible de churner"
"CLIENT_521",0.7558,"1","Client susceptible de churner"
"CLIENT_522",0.7769,"1","Client susceptible de churner"
"CLIENT_523",0.035,"0","Client peu susceptible de churner"
"CLIENT_524",0.3204,"0","Client peu susceptible de churner"
"CLIENT_525",0.862,"1","Client susceptible de churner"
"CLIENT_526",0.8534,"1","Client susceptible de churner"
"CLIENT_527",0.2641,"0","Client peu susceptible de churner"
"CLIENT_528",0.4248,"0","Client peu susceptible de churner"
"CLIENT_529",0.0316,"0","Client peu susceptible de churner"
"CLIENT_530",0.7034,"1","Client susceptible de churner"
"CLIENT_531",0.2558,"0","Client peu susceptible de churner"
"CLIENT_532",0.818,"1","Client susceptible de churner"
"CLIENT_533",0.4772,"0","Client peu susceptible de churner"
"CLIENT_534",0.2508,"0","Client peu susceptible de churner"
"CLIENT_535",0.0326,"0","Client peu susceptible de churner"
"CLIENT_536",0.4205,"0","Client peu susceptible de churner"
"CLIENT_537",0.0486,"0","Client peu susceptible de churner"
"CLIENT_538",0.2295,"0","Client peu susceptible de churner"
"CLIENT_539",0.3368,"0","Client peu susceptible de churner"
"CLIENT_540",0.127,"0","Client peu susceptible de churner"
"CLIENT_541",0.2615,"0","Client peu susceptible de churner"
"CLIENT_542",0.0417,"0","Client peu susceptible de churner"
"CLIENT_543",0.7587,"1","Client susceptible de churner"
"CLIENT_544",0.563,"1","Client susceptible de churner"
"CLIENT_545",0.4833,"0","Client peu susceptible de churner"
"CLIENT_546",0.6818,"1","Client susceptible de churner"
"CLIENT_547",0.8092,"1","Client susceptible de churner"
"CLIENT_548",0.5346,"1","Client susceptible de churner"
"CLIENT_549",0.1926,"0","Client peu susceptible de churner"
"CLIENT_550",0.602,"1","Client susceptible de churner"
"CLIENT_551",0.0512,"0","Client peu susceptible de churner"
"CLIENT_552",0.5895,"1","Client susceptible de churner"
"CLIENT_553",0.1719,"0","Client peu susceptible de churner"
"CLIENT_554",0.121,"0","Client peu susceptible de churner"
"CLIENT_555",0.4945,"0","Client peu susceptible de churner"
"CLIENT_556",0.157,"0","Client peu susceptible de churner"
"CLIENT_557",0.2868,"0","Client peu susceptible de churner"
"CLIENT_558",0.0607,"0","Client peu susceptible de churner"
"CLIENT_559",0.6068,"1","Client susceptible de churner"
"CLIENT_560",0.117,"0","Client peu susceptible de churner"
"CLIENT_561",0.815,"1","Client susceptible de churner"
"CLIENT_562",0.3761,"0","Client peu susceptible de churner"
"CLIENT_563",0.6146,"1","Client susceptible de churner"
"CLIENT_564",0.6606,"1","Client susceptible de churner"
"CLIENT_565",0.3626,"0","Client peu susceptible de churner"
"CLIENT_566",0.3773,"0","Client peu susceptible de churner"
"CLIENT_567",0.0865,"0","Client peu susceptible de churner"
"CLIENT_568",0.8394,"1","Client susceptible de churner"
"CLIENT_569",0.1644,"0","Client peu susceptible de churner"
"CLIENT_570",0.3948,"0","Client peu susceptible de churner"
"CLIENT_571",0.0671,"0","Client peu susceptible de churner"
"CLIENT_572",0.7095,"1","Client susceptible de churner"
"CLIENT_573",0.2818,"0","Client peu susceptible de churner"
"CLIENT_574",0.0397,"0","Client peu susceptible de churner"
"CLIENT_575",0.046,"0","Client peu susceptible de churner"
"CLIENT_576",0.0659,"0","Client peu susceptible de churner"
"CLIENT_577",0.5707,"1","Client susceptible de churner"
"CLIENT_578",0.7947,"1","Client susceptible de churner"
"CLIENT_579",0.3591,"0","Client peu susceptible de churner"
"CLIENT_580",0.5807,"1","Client susceptible de churner"
"CLIENT_581",0.1842,"0","Client peu susceptible de churner"
"CLIENT_582",0.2905,"0","Client peu susceptible de churner"
"CLIENT_583",0.7712,"1","Client susceptible de churner"
"CLIENT_584",0.3354,"0","Client peu susceptible de churner"
"CLIENT_585",0.1394,"0","Client peu susceptible de churner"
"CLIENT_586",0.0545,"0","Client peu susceptible de churner"
"CLIENT_587",0.0816,"0","Client peu susceptible de churner"
"CLIENT_588",0.341,"0","Client peu susceptible de churner"
"CLIENT_589",0.4063,"0","Client peu susceptible de churner"
"CLIENT_590",0.6059,"1","Client susceptible de churner"
"CLIENT_591",0.0298,"0","Client peu susceptible de churner"
"CLIENT_592",0.7675,"1","Client susceptible de churner"
"CLIENT_593",0.9036,"1","Client susceptible de churner"
"CLIENT_594",0.0593,"0","Client peu susceptible de churner"
"CLIENT_595",0.2141,"0","Client peu susceptible de churner"
"CLIENT_596",0.4714,"0","Client peu susceptible de churner"
"CLIENT_597",0.1079,"0","Client peu susceptible de churner"
"CLIENT_598",0.7433,"1","Client susceptible de churner"
"CLIENT_599",0.768,"1","Client susceptible de churner"
"CLIENT_600",0.5462,"1","Client susceptible de churner"
"CLIENT_601",0.4322,"0","Client peu susceptible de churner"
"CLIENT_602",0.5751,"1","Client susceptible de churner"
"CLIENT_603",0.7696,"1","Client susceptible de churner"
"CLIENT_604",0.0567,"0","Client peu susceptible de churner"
"CLIENT_605",0.0979,"0","Client peu susceptible de churner"
"CLIENT_606",0.3729,"0","Client peu susceptible de churner"
"CLIENT_607",0.689,"1","Client susceptible de churner"
"CLIENT_608",0.92,"1","Client susceptible de churner"
"CLIENT_609",0.0421,"0","Client peu susceptible de churner"
"CLIENT_610",0.1488,"0","Client peu susceptible de churner"
"CLIENT_611",0.0978,"0","Client peu susceptible de churner"
"CLIENT_612",0.3535,"0","Client peu susceptible de churner"
"CLIENT_613",0.7941,"1","Client susceptible de churner"
"CLIENT_614",0.8194,"1","Client susceptible de churner"
"CLIENT_615",0.0322,"0","Client peu susceptible de churner"
"CLIENT_616",0.0597,"0","Client peu susceptible de churner"
"CLIENT_617",0.5351,"1","Client susceptible de churner"
"CLIENT_618",0.8195,"1","Client susceptible de churner"
"CLIENT_619",0.0486,"0","Client peu susceptible de churner"
"CLIENT_620",0.1059,"0","Client peu susceptible de churner"
"CLIENT_621",0.874,"1","Client susceptible de churner"
"CLIENT_622",0.8146,"1","Client susceptible de churner"
"CLIENT_623",0.4336,"0","Client peu susceptible de churner"
"CLIENT_624",0.1203,"0","Client peu susceptible de churner"
"CLIENT_625",0.5392,"1","Client susceptible de churner"
"CLIENT_626",0.0418,"0","Client peu susceptible de churner"
"CLIENT_627",0.3651,"0","Client peu susceptible de churner"
"CLIENT_628",0.8035,"1","Client susceptible de churner"
"CLIENT_629",0.6408,"1","Client susceptible de churner"
"CLIENT_630",0.8515,"1","Client susceptible de churner"
"CLIENT_631",0.7334,"1","Client susceptible de churner"
"CLIENT_632",0.1163,"0","Client peu susceptible de churner"
"CLIENT_633",0.6783,"1","Client susceptible de churner"
"CLIENT_634",0.5761,"1","Client susceptible de churner"
"CLIENT_635",0.8305,"1","Client susceptible de churner"
"CLIENT_636",0.033,"0","Client peu susceptible de churner"
"CLIENT_637",0.0887,"0","Client peu susceptible de churner"
"CLIENT_638",0.0375,"0","Client peu susceptible de churner"
"CLIENT_639",0.0907,"0","Client peu susceptible de churner"
"CLIENT_640",0.1983,"0","Client peu susceptible de churner"
"CLIENT_641",0.6082,"1","Client susceptible de churner"
"CLIENT_642",0.6024,"1","Client susceptible de churner"
"CLIENT_643",0.597,"1","Client susceptible de churner"
"CLIENT_644",0.2606,"0","Client peu susceptible de churner"
"CLIENT_645",0.1137,"0","Client peu susceptible de churner"
"CLIENT_646",0.69,"1","Client susceptible de churner"
"CLIENT_647",0.3352,"0","Client peu susceptible de churner"
"CLIENT_648",0.1819,"0","Client peu susceptible de churner"
"CLIENT_649",0.7487,"1","Client susceptible de churner"
"CLIENT_650",0.0289,"0","Client peu susceptible de churner"
"CLIENT_651",0.2409,"0","Client peu susceptible de churner"
"CLIENT_652",0.8538,"1","Client susceptible de churner"
"CLIENT_653",0.62,"1","Client susceptible de churner"
"CLIENT_654",0.5221,"0","Client peu susceptible de churner"
"CLIENT_655",0.033,"0","Client peu susceptible de churner"
"CLIENT_656",0.3472,"0","Client peu susceptible de churner"
"CLIENT_657",0.3468,"0","Client peu susceptible de churner"
"CLIENT_658",0.3676,"0","Client peu susceptible de churner"
"CLIENT_659",0.8715,"1","Client susceptible de churner"
"CLIENT_660",0.9332,"1","Client susceptible de churner"
"CLIENT_661",0.8411,"1","Client susceptible de churner"
"CLIENT_662",0.5994,"1","Client susceptible de churner"
"CLIENT_663",0.7045,"1","Client susceptible de churner"
"CLIENT_664",0.7792,"1","Client susceptible de churner"
"CLIENT_665",0.3399,"0","Client peu susceptible de churner"
"CLIENT_666",0.8782,"1","Client susceptible de churner"
"CLIENT_667",0.1181,"0","Client peu susceptible de churner"
"CLIENT_668",0.7849,"1","Client susceptible de churner"
"CLIENT_669",0.045,"0","Client peu susceptible de churner"
"CLIENT_670",0.2923,"0","Client peu susceptible de churner"
"CLIENT_671",0.0397,"0","Client peu susceptible de churner"
"CLIENT_672",0.4918,"0","Client peu susceptible de churner"
"CLIENT_673",0.572,"1","Client susceptible de churner"
"CLIENT_674",0.5301,"0","Client peu susceptible de churner"
"CLIENT_675",0.4805,"0","Client peu susceptible de churner"
"CLIENT_676",0.7551,"1","Client susceptible de churner"
"CLIENT_677",0.476,"0","Client peu susceptible de churner"
"CLIENT_678",0.7887,"1","Client susceptible de churner"
"CLIENT_679",0.1549,"0","Client peu susceptible de churner"
"CLIENT_680",0.7003,"1","Client susceptible de churner"
"CLIENT_681",0.7025,"1","Client susceptible de churner"
"CLIENT_682",0.0478,"0","Client peu susceptible de churner"
"CLIENT_683",0.8709,"1","Client susceptible de churner"
"CLIENT_684",0.6393,"1","Client susceptible de churner"
"CLIENT_685",0.7458,"1","Client susceptible de churner"
"CLIENT_686",0.8133,"1","Client susceptible de churner"
"CLIENT_687",0.8364,"1","Client susceptible de churner"
"CLIENT_688",0.7681,"1","Client susceptible de churner"
"CLIENT_689",0.7237,"1","Client susceptible de churner"
"CLIENT_690",0.5615,"1","Client susceptible de churner"
"CLIENT_691",0.8179,"1","Client susceptible de churner"
"CLIENT_692",0.0595,"0","Client peu susceptible de churner"
"CLIENT_693",0.1452,"0","Client peu susceptible de churner"
"CLIENT_694",0.0633,"0","Client peu susceptible de churner"
"CLIENT_695",0.05,"0","Client peu susceptible de churner"
"CLIENT_696",0.0472,"0","Client peu susceptible de churner"
"CLIENT_697",0.4805,"0","Client peu susceptible de churner"
"CLIENT_698",0.0337,"0","Client peu susceptible de churner"
"CLIENT_699",0.8191,"1","Client susceptible de churner"
"CLIENT_700",0.2526,"0","Client peu susceptible de churner"
"CLIENT_701",0.1591,"0","Client peu susceptible de churner"
"CLIENT_702",0.2778,"0","Client peu susceptible de churner"
"CLIENT_703",0.2645,"0","Client peu susceptible de churner"
"CLIENT_704",0.4396,"0","Client peu susceptible de churner"
"CLIENT_705",0.6196,"1","Client susceptible de churner"
"CLIENT_706",0.3627,"0","Client peu susceptible de churner"
"CLIENT_707",0.8076,"1","Client susceptible de churner"
"CLIENT_708",0.037,"0","Client peu susceptible de churner"
"CLIENT_709",0.9079,"1","Client susceptible de churner"
"CLIENT_710",0.4095,"0","Client peu susceptible de churner"
"CLIENT_711",0.1054,"0","Client peu susceptible de churner"
"CLIENT_712",0.0757,"0","Client peu susceptible de churner"
"CLIENT_713",0.7076,"1","Client susceptible de churner"
"CLIENT_714",0.6149,"1","Client susceptible de churner"
"CLIENT_715",0.1662,"0","Client peu susceptible de churner"
"CLIENT_716",0.4769,"0","Client peu susceptible de churner"
"CLIENT_717",0.2192,"0","Client peu susceptible de churner"
"CLIENT_718",0.2759,"0","Client peu susceptible de churner"
"CLIENT_719",0.6815,"1","Client susceptible de churner"
"CLIENT_720",0.4222,"0","Client peu susceptible de churner"
"CLIENT_721",0.5132,"0","Client peu susceptible de churner"
"CLIENT_722",0.0494,"0","Client peu susceptible de churner"
"CLIENT_723",0.4628,"0","Client peu susceptible de churner"
"CLIENT_724",0.5702,"1","Client susceptible de churner"
"CLIENT_725",0.2051,"0","Client peu susceptible de churner"
"CLIENT_726",0.3363,"0","Client peu susceptible de churner"
"CLIENT_727",0.2892,"0","Client peu susceptible de churner"
"CLIENT_728",0.0316,"0","Client peu susceptible de churner"
"CLIENT_729",0.4789,"0","Client peu susceptible de churner"
"CLIENT_730",0.2142,"0","Client peu susceptible de churner"
"CLIENT_731",0.9054,"1","Client susceptible de churner"
"CLIENT_732",0.0551,"0","Client peu susceptible de churner"
"CLIENT_733",0.3397,"0","Client peu susceptible de churner"
"CLIENT_734",0.8532,"1","Client susceptible de churner"
"CLIENT_735",0.1293,"0","Client peu susceptible de churner"
"CLIENT_736",0.9356,"1","Client susceptible de churner"
"CLIENT_737",0.2693,"0","Client peu susceptible de churner"
"CLIENT_738",0.8581,"1","Client susceptible de churner"
"CLIENT_739",0.7984,"1","Client susceptible de churner"
"CLIENT_740",0.6344,"1","Client susceptible de churner"
"CLIENT_741",0.3174,"0","Client peu susceptible de churner"
"CLIENT_742",0.071,"0","Client peu susceptible de churner"
"CLIENT_743",0.5799,"1","Client susceptible de churner"
"CLIENT_744",0.6295,"1","Client susceptible de churner"
"CLIENT_745",0.069,"0","Client peu susceptible de churner"
"CLIENT_746",0.5839,"1","Client susceptible de churner"
"CLIENT_747",0.663,"1","Client susceptible de churner"
"CLIENT_748",0.6545,"1","Client susceptible de churner"
"CLIENT_749",0.4891,"0","Client peu susceptible de churner"
"CLIENT_750",0.721,"1","Client susceptible de churner"
"CLIENT_751",0.0216,"0","Client peu susceptible de churner"
"CLIENT_752",0.1571,"0","Client peu susceptible de churner"
"CLIENT_753",0.2494,"0","Client peu susceptible de churner"
"CLIENT_754",0.4975,"0","Client peu susceptible de churner"
"CLIENT_755",0.2707,"0","Client peu susceptible de churner"
"CLIENT_756",0.291,"0","Client peu susceptible de churner"
"CLIENT_757",0.0454,"0","Client peu susceptible de churner"
"CLIENT_758",0.2445,"0","Client peu susceptible de churner"
"CLIENT_759",0.4117,"0","Client peu susceptible de churner"
"CLIENT_760",0.765,"1","Client susceptible de churner"
"CLIENT_761",0.3728,"0","Client peu susceptible de churner"
"CLIENT_762",0.9079,"1","Client susceptible de churner"
"CLIENT_763",0.1604,"0","Client peu susceptible de churner"
"CLIENT_764",0.3272,"0","Client peu susceptible de churner"
"CLIENT_765",0.4138,"0","Client peu susceptible de churner"
"CLIENT_766",0.0474,"0","Client peu susceptible de churner"
"CLIENT_767",0.6027,"1","Client susceptible de churner"
"CLIENT_768",0.3834,"0","Client peu susceptible de churner"
"CLIENT_769",0.4332,"0","Client peu susceptible de churner"
"CLIENT_770",0.8883,"1","Client susceptible de churner"
"CLIENT_771",0.8763,"1","Client susceptible de churner"
"CLIENT_772",0.2789,"0","Client peu susceptible de churner"
"CLIENT_773",0.185,"0","Client peu susceptible de churner"
"CLIENT_774",0.2747,"0","Client peu susceptible de churner"
"CLIENT_775",0.0616,"0","Client peu susceptible de churner"
"CLIENT_776",0.1963,"0","Client peu susceptible de churner"
"CLIENT_777",0.67,"1","Client susceptible de churner"
"CLIENT_778",0.8991,"1","Client susceptible de churner"
"CLIENT_779",0.0945,"0","Client peu susceptible de churner"
"CLIENT_780",0.0275,"0","Client peu susceptible de churner"
"CLIENT_781",0.3511,"0","Client peu susceptible de churner"
"CLIENT_782",0.2604,"0","Client peu susceptible de churner"
"CLIENT_783",0.0366,"0","Client peu susceptible de churner"
"CLIENT_784",0.852,"1","Client susceptible de churner"
"CLIENT_785",0.6097,"1","Client susceptible de churner"
"CLIENT_786",0.8582,"1","Client susceptible de churner"
"CLIENT_787",0.7197,"1","Client susceptible de churner"
"CLIENT_788",0.2252,"0","Client peu susceptible de churner"
"CLIENT_789",0.4354,"0","Client peu susceptible de churner"
"CLIENT_790",0.3103,"0","Client peu susceptible de churner"
"CLIENT_791",0.3485,"0","Client peu susceptible de churner"
"CLIENT_792",0.2876,"0","Client peu susceptible de churner"
"CLIENT_793",0.0751,"0","Client peu susceptible de churner"
"CLIENT_794",0.7766,"1","Client susceptible de churner"
"CLIENT_795",0.2778,"0","Client peu susceptible de churner"
"CLIENT_796",0.0351,"0","Client peu susceptible de churner"
"CLIENT_797",0.8646,"1","Client susceptible de churner"
"CLIENT_798",0.3168,"0","Client peu susceptible de churner"
"CLIENT_799",0.9178,"1","Client susceptible de churner"
"CLIENT_800",0.9001,"1","Client susceptible de churner"
"CLIENT_801",0.2212,"0","Client peu susceptible de churner"
"CLIENT_802",0.8483,"1","Client susceptible de churner"
"CLIENT_803",0.6829,"1","Client susceptible de churner"
"CLIENT_804",0.0183,"0","Client peu susceptible de churner"
"CLIENT_805",0.6487,"1","Client susceptible de churner"
"CLIENT_806",0.8056,"1","Client susceptible de churner"
"CLIENT_807",0.0976,"0","Client peu susceptible de churner"
"CLIENT_808",0.142,"0","Client peu susceptible de churner"
"CLIENT_809",0.8235,"1","Client susceptible de churner"
"CLIENT_810",0.0371,"0","Client peu susceptible de churner"
"CLIENT_811",0.0315,"0","Client peu susceptible de churner"
"CLIENT_812",0.6698,"1","Client susceptible de churner"
"CLIENT_813",0.2028,"0","Client peu susceptible de churner"
"CLIENT_814",0.4061,"0","Client peu susceptible de churner"
"CLIENT_815",0.2462,"0","Client peu susceptible de churner"
"CLIENT_816",0.7242,"1","Client susceptible de churner"
"CLIENT_817",0.797,"1","Client susceptible de churner"
"CLIENT_818",0.3166,"0","Client peu susceptible de churner"
"CLIENT_819",0.0305,"0","Client peu susceptible de churner"
"CLIENT_820",0.5213,"0","Client peu susceptible de churner"
"CLIENT_821",0.6237,"1","Client susceptible de churner"
"CLIENT_822",0.5761,"1","Client susceptible de churner"
"CLIENT_823",0.0523,"0","Client peu susceptible de churner"
"CLIENT_824",0.0456,"0","Client peu susceptible de churner"
"CLIENT_825",0.7949,"1","Client susceptible de churner"
"CLIENT_826",0.5435,"1","Client susceptible de churner"
"CLIENT_827",0.174,"0","Client peu susceptible de churner"
"CLIENT_828",0.9005,"1","Client susceptible de churner"
"CLIENT_829",0.0321,"0","Client peu susceptible de churner"
"CLIENT_830",0.2882,"0","Client peu susceptible de churner"
"CLIENT_831",0.7289,"1","Client susceptible de churner"
"CLIENT_832",0.8214,"1","Client susceptible de churner"
"CLIENT_833",0.2009,"0","Client peu susceptible de churner"
"CLIENT_834",0.4336,"0","Client peu susceptible de churner"
"CLIENT_835",0.7729,"1","Client susceptible de churner"
"CLIENT_836",0.8065,"1","Client susceptible de churner"
"CLIENT_837",0.6416,"1","Client susceptible de churner"
"CLIENT_838",0.7705,"1","Client susceptible de churner"
"CLIENT_839",0.6278,"1","Client susceptible de churner"
"CLIENT_840",0.7376,"1","Client susceptible de churner"
"CLIENT_841",0.0457,"0","Client peu susceptible de churner"
"CLIENT_842",0.5833,"1","Client susceptible de churner"
"CLIENT_843",0.7539,"1","Client susceptible de churner"
"CLIENT_844",0.6019,"1","Client susceptible de churner"
"CLIENT_845",0.0576,"0","Client peu susceptible de churner"
"CLIENT_846",0.8073,"1","Client susceptible de churner"
"CLIENT_847",0.3415,"0","Client peu susceptible de churner"
"CLIENT_848",0.031,"0","Client peu susceptible de churner"
"CLIENT_849",0.8737,"1","Client susceptible de churner"
"CLIENT_850",0.3995,"0","Client peu susceptible de churner"
"CLIENT_851",0.5022,"0","Client peu susceptible de churner"
"CLIENT_852",0.5732,"1","Client susceptible de churner"
"CLIENT_853",0.2177,"0","Client peu susceptible de churner"
"CLIENT_854",0.0315,"0","Client peu susceptible de churner"
"CLIENT_855",0.2806,"0","Client peu susceptible de churner"
"CLIENT_856",0.6918,"1","Client susceptible de churner"
"CLIENT_857",0.6913,"1","Client susceptible de churner"
"CLIENT_858",0.5097,"0","Client peu susceptible de churner"
"CLIENT_859",0.1091,"0","Client peu susceptible de churner"
"CLIENT_860",0.6643,"1","Client susceptible de churner"
"CLIENT_861",0.9173,"1","Client susceptible de churner"
"CLIENT_862",0.0354,"0","Client peu susceptible de churner"
"CLIENT_863",0.0862,"0","Client peu susceptible de churner"
"CLIENT_864",0.5434,"1","Client susceptible de churner"
"CLIENT_865",0.3589,"0","Client peu susceptible de churner"
"CLIENT_866",0.6304,"1","Client susceptible de churner"
"CLIENT_867",0.8892,"1","Client susceptible de churner"
"CLIENT_868",0.5312,"1","Client susceptible de churner"
"CLIENT_869",0.0243,"0","Client peu susceptible de churner"
"CLIENT_870",0.7447,"1","Client susceptible de churner"
"CLIENT_871",0.033,"0","Client peu susceptible de churner"
"CLIENT_872",0.617,"1","Client susceptible de churner"
"CLIENT_873",0.1104,"0","Client peu susceptible de churner"
"CLIENT_874",0.636,"1","Client susceptible de churner"
"CLIENT_875",0.1202,"0","Client peu susceptible de churner"
"CLIENT_876",0.2117,"0","Client peu susceptible de churner"
"CLIENT_877",0.8659,"1","Client susceptible de churner"
"CLIENT_878",0.6154,"1","Client susceptible de churner"
"CLIENT_879",0.1233,"0","Client peu susceptible de churner"
"CLIENT_880",0.3757,"0","Client peu susceptible de churner"
"CLIENT_881",0.9346,"1","Client susceptible de churner"
"CLIENT_882",0.0703,"0","Client peu susceptible de churner"
"CLIENT_883",0.6613,"1","Client susceptible de churner"
"CLIENT_884",0.0208,"0","Client peu susceptible de churner"
"CLIENT_885",0.6802,"1","Client susceptible de churner"
"CLIENT_886",0.7099,"1","Client susceptible de churner"
"CLIENT_887",0.0303,"0","Client peu susceptible de churner"
"CLIENT_888",0.0399,"0","Client peu susceptible de churner"
"CLIENT_889",0.1662,"0","Client peu susceptible de churner"
"CLIENT_890",0.4985,"0","Client peu susceptible de churner"
"CLIENT_891",0.89,"1","Client susceptible de churner"
"CLIENT_892",0.4798,"0","Client peu susceptible de churner"
"CLIENT_893",0.0676,"0","Client peu susceptible de churner"
"CLIENT_894",0.2749,"0","Client peu susceptible de churner"
"CLIENT_895",0.7817,"1","Client susceptible de churner"
"CLIENT_896",0.5651,"1","Client susceptible de churner"
"CLIENT_897",0.0771,"0","Client peu susceptible de churner"
"CLIENT_898",0.0231,"0","Client peu susceptible de churner"
"CLIENT_899",0.4864,"0","Client peu susceptible de churner"
"CLIENT_900",0.3076,"0","Client peu susceptible de churner"
"CLIENT_901",0.2988,"0","Client peu susceptible de churner"
"CLIENT_902",0.0675,"0","Client peu susceptible de churner"
"CLIENT_903",0.7622,"1","Client susceptible de churner"
"CLIENT_904",0.0951,"0","Client peu susceptible de churner"
"CLIENT_905",0.6759,"1","Client susceptible de churner"
"CLIENT_906",0.8299,"1","Client susceptible de churner"
"CLIENT_907",0.1256,"0","Client peu susceptible de churner"
"CLIENT_908",0.0663,"0","Client peu susceptible de churner"
"CLIENT_909",0.5006,"0","Client peu susceptible de churner"
"CLIENT_910",0.0877,"0","Client peu susceptible de churner"
"CLIENT_911",0.0532,"0","Client peu susceptible de churner"
"CLIENT_912",0.8691,"1","Client susceptible de churner"
"CLIENT_913",0.1839,"0","Client peu susceptible de churner"
"CLIENT_914",0.5081,"0","Client peu susceptible de churner"
"CLIENT_915",0.1169,"0","Client peu susceptible de churner"
"CLIENT_916",0.0557,"0","Client peu susceptible de churner"
"CLIENT_917",0.1898,"0","Client peu susceptible de churner"
"CLIENT_918",0.0285,"0","Client peu susceptible de churner"
"CLIENT_919",0.2405,"0","Client peu susceptible de churner"
"CLIENT_920",0.0382,"0","Client peu susceptible de churner"
"CLIENT_921",0.3278,"0","Client peu susceptible de churner"
"CLIENT_922",0.6877,"1","Client susceptible de churner"
"CLIENT_923",0.8024,"1","Client susceptible de churner"
"CLIENT_924",0.6033,"1","Client susceptible de churner"
"CLIENT_925",0.7781,"1","Client susceptible de churner"
"CLIENT_926",0.0398,"0","Client peu susceptible de churner"
"CLIENT_927",0.8255,"1","Client susceptible de churner"
"CLIENT_928",0.3762,"0","Client peu susceptible de churner"
"CLIENT_929",0.1802,"0","Client peu susceptible de churner"
"CLIENT_930",0.2974,"0","Client peu susceptible de churner"
"CLIENT_931",0.7655,"1","Client susceptible de churner"
"CLIENT_932",0.2269,"0","Client peu susceptible de churner"
"CLIENT_933",0.1791,"0","Client peu susceptible de churner"
"CLIENT_934",0.0407,"0","Client peu susceptible de churner"
"CLIENT_935",0.6899,"1","Client susceptible de churner"
"CLIENT_936",0.7535,"1","Client susceptible de churner"
"CLIENT_937",0.7879,"1","Client susceptible de churner"
"CLIENT_938",0.5754,"1","Client susceptible de churner"
"CLIENT_939",0.2869,"0","Client peu susceptible de churner"
"CLIENT_940",0.4834,"0","Client peu susceptible de churner"
"CLIENT_941",0.1503,"0","Client peu susceptible de churner"
"CLIENT_942",0.2359,"0","Client peu susceptible de churner"
"CLIENT_943",0.4985,"0","Client peu susceptible de churner"
"CLIENT_944",0.7492,"1","Client susceptible de churner"
"CLIENT_945",0.8011,"1","Client susceptible de churner"
"CLIENT_946",0.03,"0","Client peu susceptible de churner"
"CLIENT_947",0.6006,"1","Client susceptible de churner"
"CLIENT_948",0.7073,"1","Client susceptible de churner"
"CLIENT_949",0.8532,"1","Client susceptible de churner"
"CLIENT_950",0.6969,"1","Client susceptible de churner"
"CLIENT_951",0.419,"0","Client peu susceptible de churner"
"CLIENT_952",0.7123,"1","Client susceptible de churner"
"CLIENT_953",0.8279,"1","Client susceptible de churner"
"CLIENT_954",0.3258,"0","Client peu susceptible de churner"
"CLIENT_955",0.2749,"0","Client peu susceptible de churner"
"CLIENT_956",0.722,"1","Client susceptible de churner"
"CLIENT_957",0.765,"1","Client susceptible de churner"
"CLIENT_958",0.8179,"1","Client susceptible de churner"
"CLIENT_959",0.8534,"1","Client susceptible de churner"
"CLIENT_960",0.184,"0","Client peu susceptible de churner"
"CLIENT_961",0.6081,"1","Client susceptible de churner"
"CLIENT_962",0.612,"1","Client susceptible de churner"
"CLIENT_963",0.6941,"1","Client susceptible de churner"
"CLIENT_964",0.1945,"0","Client peu susceptible de churner"
"CLIENT_965",0.2324,"0","Client peu susceptible de churner"
"CLIENT_966",0.5589,"1","Client susceptible de churner"
"CLIENT_967",0.0806,"0","Client peu susceptible de churner"
"CLIENT_968",0.2614,"0","Client peu susceptible de churner"
"CLIENT_969",0.9177,"1","Client susceptible de churner"
"CLIENT_970",0.3906,"0","Client peu susceptible de churner"
"CLIENT_971",0.0873,"0","Client peu susceptible de churner"
"CLIENT_972",0.6824,"1","Client susceptible de churner"
"CLIENT_973",0.4977,"0","Client peu susceptible de churner"
"CLIENT_974",0.599,"1","Client susceptible de churner"
"CLIENT_975",0.5116,"0","Client peu susceptible de churner"
"CLIENT_976",0.7445,"1","Client susceptible de churner"
"CLIENT_977",0.2054,"0","Client peu susceptible de churner"
"CLIENT_978",0.7255,"1","Client susceptible de churner"
"CLIENT_979",0.0551,"0","Client peu susceptible de churner"
"CLIENT_980",0.0443,"0","Client peu susceptible de churner"
"CLIENT_981",0.494,"0","Client peu susceptible de churner"
"CLIENT_982",0.582,"1","Client susceptible de churner"
"CLIENT_983",0.1219,"0","Client peu susceptible de churner"
"CLIENT_984",0.7372,"1","Client susceptible de churner"
"CLIENT_985",0.5796,"1","Client susceptible de churner"
"CLIENT_986",0.2035,"0","Client peu susceptible de churner"
"CLIENT_987",0.6648,"1","Client susceptible de churner"
"CLIENT_988",0.0819,"0","Client peu susceptible de churner"
"CLIENT_989",0.2401,"0","Client peu susceptible de churner"
"CLIENT_990",0.8333,"1","Client susceptible de churner"
"CLIENT_991",0.5901,"1","Client susceptible de churner"
"CLIENT_992",0.6402,"1","Client susceptible de churner"
"CLIENT_993",0.1637,"0","Client peu susceptible de churner"
"CLIENT_994",0.6355,"1","Client susceptible de churner"
"CLIENT_995",0.0381,"0","Client peu susceptible de churner"
"CLIENT_996",0.1065,"0","Client peu susceptible de churner"
"CLIENT_997",0.7951,"1","Client susceptible de churner"
"CLIENT_998",0.1413,"0","Client peu susceptible de churner"
"CLIENT_999",0.4174,"0","Client peu susceptible de churner"
"CLIENT_1000",0.3683,"0","Client peu susceptible de churner"
